{"UAB_aucs_primary": [0.6458333333333333, 0.46875, 0.6875, 0.4583333333333333, 0.65625], "FHCRC_aucs_primary": [0.7803030303030304, 0.6843434343434344, 0.6262626262626263, 0.6792929292929293, 0.5757575757575757], "Mayo_aucs_primary": [0.45454545454545453, 0.7012987012987013, 0.6753246753246753, 0.6623376623376623, 0.49350649350649356]}