{"UAB_aucs_metastatic": [0.8319327731092436, 0.7899159663865547, 0.7394957983193278, 0.8487394957983194, 0.7058823529411764], "FHCRC_aucs_metastatic": [0.7983193277310924, 0.7773109243697478, 0.8361344537815125, 0.8781512605042016, 0.726890756302521], "Mayo_aucs_metastatic": [0.7023809523809523, 0.7857142857142857, 0.7857142857142858, 0.7817460317460317, 0.7857142857142857]}