{"primary_aucs": [0.7100547536087606, 0.7033527696793003, 0.6703081232492998, 0.6690514043455219, 0.664147993746743], "metastatic_aucs": [0.5418935902806871, 0.533922697368421, 0.5753164556962025, 0.4875998318621269, 0.5301668806161746]}