{"primary_aucs": [0.5551573426573427, 0.5951048951048951, 0.5847465034965035, 0.6178321678321678, 0.6413461538461537], "metastatic_aucs": [0.5555944055944056, 0.5572552447552447, 0.5756555944055944, 0.6027534965034965, 0.5347027972027972]}